<?xml version="1.0" encoding="UTF-8" standalone="no"?>
<databaseChangeLog xmlns="http://www.liquibase.org/xml/ns/dbchangelog"
                   xmlns:xsi="http://www.w3.org/2001/XMLSchema-instance"
                   xsi:schemaLocation="http://www.liquibase.org/xml/ns/dbchangelog http://www.liquibase.org/xml/ns/dbchangelog/dbchangelog-3.4.xsd">
    
    <changeSet id="2019-12-02 12:14" author="Anton Alekseev">
        <preConditions>
            <not>
                <tableExists tableName="users"/>
            </not>
        </preConditions>
        <createTable tableName="users">
            <column name="id" type="BIGINT" autoIncrement="true">
                <constraints nullable="false" primaryKey="true" primaryKeyName="PK_USERS"/>
            </column>
            <column name="first_name" type="VARCHAR2(120)">
                <constraints nullable="false"/>
            </column>
            <column name="last_name" type="VARCHAR2(120)">
                <constraints nullable="false"/>
            </column>
            <column name="user_role" type="VARCHAR2(32)">
                <constraints nullable="false"/>
            </column>
            <column name="birthday" type="DATETIME">
                <constraints nullable="false"/>
            </column>
            <column name="photo_url" type="VARCHAR2(256)"/>
            <column name="country_id" type="BIGINT"/>
        </createTable>
        <rollback>
            <dropTable tableName="users"/>
        </rollback>
    </changeSet>

    <changeSet id="2019-12-02 13:15" author="Anton Alekseev">
        <preConditions>
            <not>
                <tableExists tableName="user_creds"/>
            </not>
        </preConditions>
        <createTable tableName="user_creds">
            <column name="id" type="BIGINT" autoIncrement="true">
                <constraints nullable="false" primaryKey="true" primaryKeyName="PK_USER_CREDS"/>
            </column>
            <column name="password" type="VARCHAR2(120)">
                <constraints nullable="false"/>
            </column>
        </createTable>
        <rollback>
            <dropTable tableName="user_creds"/>
        </rollback>
    </changeSet>

    <changeSet id="2019-12-02 13:32" author="Anton Alekseev">
        <addForeignKeyConstraint baseTableName="user_creds" baseColumnNames="id"
                                 constraintName="fk_user_creds" referencedTableName="users"
                                 referencedColumnNames="id"/>
        <rollback>
            <dropForeignKeyConstraint baseTableName="user_creds" constraintName="fk_user_creds"/>
        </rollback>
    </changeSet>

    <changeSet id="2019-12-02 17:11" author="Anton Alekseev">
        <preConditions>
            <not>
                <tableExists tableName="phones"/>
            </not>
        </preConditions>
        <createTable tableName="phones">
            <column name="id" type="BIGINT" autoIncrement="true">
                <constraints nullable="false" primaryKey="true" primaryKeyName="PK_PHONES"/>
            </column>
            <column name="phone_number" type="VARCHAR2(20)">
                <constraints nullable="false" unique="true"/>
            </column>
            <column name="is_confirmed" type="BOOLEAN" defaultValueBoolean="false">
                <constraints nullable="false"/>
            </column>
        </createTable>
        <rollback>
            <dropTable tableName="phones"/>
        </rollback>
    </changeSet>

    <changeSet id="2019-12-02 17:31" author="Anton Alekseev">
        <addForeignKeyConstraint baseTableName="phones" baseColumnNames="id"
                                 constraintName="fk_users_phones" referencedTableName="user_creds"
                                 referencedColumnNames="id"/>
        <rollback>
            <dropForeignKeyConstraint baseTableName="phones" constraintName="fk_user_creds"/>
        </rollback>
    </changeSet>

    <changeSet id="2019-12-02 17:36" author="Anton Alekseev">
        <preConditions>
            <not>
                <tableExists tableName="emails"/>
            </not>
        </preConditions>
        <createTable tableName="emails">
            <column name="id" type="BIGINT" autoIncrement="true">
                <constraints nullable="false" primaryKey="true" primaryKeyName="PK_EMAILS"/>
            </column>
            <column name="email" type="VARCHAR2(120)">
                <constraints nullable="false" unique="true"/>
            </column>
            <column name="is_subscribed" type="BOOLEAN" defaultValueBoolean="false">
                <constraints nullable="false"/>
            </column>
            <column name="is_confirmed" type="BOOLEAN" defaultValueBoolean="false">
                <constraints nullable="false"/>
            </column>
        </createTable>
        <rollback>
            <dropTable tableName="emails"/>
        </rollback>
    </changeSet>

    <changeSet id="2019-12-02 17:37" author="Anton Alekseev">
        <addForeignKeyConstraint baseTableName="emails" baseColumnNames="id"
                                 constraintName="fk_users_emails" referencedTableName="users"
                                 referencedColumnNames="id"/>
        <rollback>
            <dropForeignKeyConstraint baseTableName="emails" constraintName="fk_users_emails"/>
        </rollback>
    </changeSet>

    <changeSet id="2019-12-27 08:50" author="Anton Alekseev">
        <preConditions>
            <not>
                <tableExists tableName="documents"/>
            </not>
        </preConditions>
        <createTable tableName="documents">
            <column name="id" type="BIGINT" autoIncrement="true">
                <constraints nullable="false" primaryKey="true" primaryKeyName="PK_DOCUMENTS"/>
            </column>
            <column name="name" type="VARCHAR2(45)">
                <constraints nullable="false"/>
            </column>
            <column name="content" type="BLOB">
                <constraints nullable="false"/>
            </column>
            <column name="version" type="DOUBLE">
                <constraints nullable="false"/>
            </column>
        </createTable>
        <rollback>
            <dropTable tableName="documents"/>
        </rollback>
    </changeSet>

    <changeSet id="2019-12-27 08:55" author="Anton Alekseev">
        <preConditions>
            <not>
                <tableExists tableName="confirmed_documents"/>
            </not>
        </preConditions>
        <createTable tableName="confirmed_documents">
            <column name="id" type="BIGINT" autoIncrement="true">
                <constraints nullable="false" primaryKey="true" primaryKeyName="PK_CONFIRMED_DOCUMENTS"/>
            </column>
            <column name="user_id" type="BIGINT">
                <constraints nullable="false"/>
            </column>
            <column name="document_id" type="BIGINT">
                <constraints nullable="false"/>
            </column>
            <column name="confirm_date" type="DATETIME">
                <constraints nullable="false"/>
            </column>
        </createTable>
        <rollback>
            <dropTable tableName="confirmed_documents"/>
        </rollback>
    </changeSet>

    <changeSet id="2019-12-27 09:02" author="Anton Alekseev">
        <addForeignKeyConstraint baseTableName="confirmed_documents" baseColumnNames="document_id"
                                 constraintName="fk_confirmed_doc" referencedTableName="documents"
                                 referencedColumnNames="id"/>
        <rollback>
            <dropForeignKeyConstraint baseTableName="confirmed_documents" constraintName="fk_confirmed_doc"/>
        </rollback>
    </changeSet>

    <changeSet id="2019-12-27 09:13" author="Anton Alekseev">
        <addForeignKeyConstraint baseTableName="confirmed_documents" baseColumnNames="user_id"
                                 constraintName="fk_confirmed_user" referencedTableName="users"
                                 referencedColumnNames="id"/>
        <rollback>
            <dropForeignKeyConstraint baseTableName="confirmed_documents" constraintName="fk_confirmed_user"/>
        </rollback>
    </changeSet>

    <changeSet id="2019-12-27 09:18" author="Anton Alekseev">
        <preConditions>
            <not>
                <tableExists tableName="restaurants"/>
            </not>
        </preConditions>
        <createTable tableName="restaurants">
            <column name="id" type="BIGINT" autoIncrement="true">
                <constraints nullable="false" primaryKey="true" primaryKeyName="PK_RESTAURANTS"/>
            </column>
            <column name="name" type="VARCHAR2(100)">
                <constraints nullable="false"/>
            </column>
            <column name="address_id" type="BIGINT">
                <constraints nullable="false"/>
            </column>
            <column name="email" type="VARCHAR2(100)">
                <constraints nullable="false"/>
            </column>
            <column name="phone_number" type="VARCHAR2(20)">
                <constraints nullable="false"/>
            </column>
            <column name="description" type="VARCHAR2(255)"/>
            <column name="photo_url" type="VARCHAR2(255)"/>
            <column name="restaurant_hours" type="BIGINT">
                <constraints nullable="false"/>
            </column>
        </createTable>
        <rollback>
            <dropTable tableName="confirmed_documents"/>
        </rollback>
    </changeSet>

    <changeSet id="2019-12-30 10:05" author="Anton Alekseev">
        <preConditions>
            <not>
                <columnExists tableName="users" columnName="restaurant_id"/>
            </not>
        </preConditions>
        <addColumn tableName="users">
            <column name="restaurant_id" type="BIGINT"/>
        </addColumn>
        <rollback>
            <dropColumn tableName="users" columnName="restaurant_id"/>
        </rollback>
    </changeSet>

    <changeSet id="2019-12-30 10:24" author="Anton Alekseev">
        <addForeignKeyConstraint baseTableName="users" baseColumnNames="restaurant_id"
                                 constraintName="fk_user_restaurant" referencedTableName="restaurants"
                                 referencedColumnNames="id"/>
        <rollback>
            <dropForeignKeyConstraint baseTableName="users" constraintName="fk_user_restaurant"/>
        </rollback>
    </changeSet>

    <changeSet id="2019-12-30 11:22" author="Anton Alekseev">
        <preConditions>
            <not>
                <tableExists tableName="countries"/>
            </not>
        </preConditions>
        <createTable tableName="countries">
            <column name="id" type="BIGINT" autoIncrement="true">
                <constraints nullable="false" primaryKey="true" primaryKeyName="PK_COUNTRIES"/>
            </column>
            <column name="name" type="VARCHAR2(70)">
                <constraints nullable="false"/>
            </column>
            <column name="abbreviation" type="VARCHAR2(45)">
                <constraints nullable="false"/>
            </column>
        </createTable>
        <rollback>
            <dropTable tableName="countries"/>
        </rollback>
    </changeSet>

    <changeSet id="2019-12-30 11:34" author="Anton Alekseev">
        <addForeignKeyConstraint baseTableName="users" baseColumnNames="country_id"
                                 constraintName="fk_user_country" referencedTableName="countries"
                                 referencedColumnNames="id"/>
        <rollback>
            <dropForeignKeyConstraint baseTableName="users" constraintName="fk_user_country"/>
        </rollback>
    </changeSet>

    <changeSet id="2020-01-04 10:25" author="Anton Alekseev">
        <preConditions>
            <not>
                <tableExists tableName="orders"/>
            </not>
        </preConditions>
        <createTable tableName="orders">
            <column name="id" type="BIGINT" autoIncrement="true">
                <constraints nullable="false" primaryKey="true" primaryKeyName="PK_ORDERS"/>
            </column>
            <column name="restaurant_id" type="BIGINT">
                <constraints nullable="false"/>
            </column>
            <column name="user_id" type="BIGINT">
                <constraints nullable="false"/>
            </column>
            <column name="date" type="DATETIME">
                <constraints nullable="false"/>
            </column>
            <column name="restaurant_status" type="VARCHAR2(45)"/>
            <column name="user_status" type="VARCHAR2(45)"/>
        </createTable>
        <rollback>
            <dropTable tableName="orders"/>
        </rollback>
    </changeSet>

    <changeSet id="2020-01-04 10:33" author="Anton Alekseev">
        <preConditions>
            <not>
                <tableExists tableName="orders_items"/>
            </not>
        </preConditions>
        <createTable tableName="orders_items">
            <column name="id" type="BIGINT" autoIncrement="true">
                <constraints nullable="false" primaryKey="true" primaryKeyName="PK_ORDERS_ITEMS"/>
            </column>
            <column name="order_id" type="BIGINT">
                <constraints nullable="false"/>
            </column>
            <column name="item_id" type="BIGINT">
                <constraints nullable="false"/>
            </column>
            <column name="quantity" type="BIGINT">
                <constraints nullable="false"/>
            </column>
        </createTable>
        <rollback>
            <dropTable tableName="orders_items"/>
        </rollback>
    </changeSet>

    <changeSet id="2020-01-04 10:43" author="Anton Alekseev">
        <addForeignKeyConstraint baseTableName="orders" baseColumnNames="user_id"
                                 constraintName="fk_user_orders" referencedTableName="users"
                                 referencedColumnNames="id"/>
        <rollback>
            <dropForeignKeyConstraint baseTableName="orders" constraintName="fk_user_orders"/>
        </rollback>
    </changeSet>

    <changeSet id="2020-01-04 10:46" author="Anton Alekseev">
        <addForeignKeyConstraint baseTableName="orders" baseColumnNames="restaurant_id"
                                 constraintName="fk_restaurant_orders" referencedTableName="restaurants"
                                 referencedColumnNames="id"/>
        <rollback>
            <dropForeignKeyConstraint baseTableName="restaurants" constraintName="fk_restaurant_orders"/>
        </rollback>
    </changeSet>

    <changeSet id="2020-01-04 10:47" author="Anton Alekseev">
        <addForeignKeyConstraint baseTableName="orders_items" baseColumnNames="order_id"
                                 constraintName="fk_order_item" referencedTableName="orders"
                                 referencedColumnNames="id"/>
        <rollback>
            <dropForeignKeyConstraint baseTableName="orders" constraintName="fk_order_item"/>
        </rollback>
    </changeSet>

    <changeSet id="2020-01-04 10:58" author="Anton Alekseev">
        <preConditions>
            <not>
                <tableExists tableName="restaurant_items"/>
            </not>
        </preConditions>
        <createTable tableName="restaurant_items">
            <column name="id" type="BIGINT" autoIncrement="true">
                <constraints nullable="false" primaryKey="true" primaryKeyName="PK_RESTAURANT_ITEMS"/>
            </column>
            <column name="item_id" type="BIGINT">
                <constraints nullable="false"/>
            </column>
            <column name="restaurant_id" type="BIGINT">
                <constraints nullable="false"/>
            </column>
            <column name="price" type="DOUBLE">
                <constraints nullable="false"/>
            </column>
            <column name="size" type="DOUBLE">
                <constraints nullable="false"/>
            </column>
            <column name="dimension_id" type="BIGINT">
                <constraints nullable="false"/>
            </column>
            <column name="serve_start" type="DATETIME">
                <constraints nullable="false"/>
            </column>
            <column name="serve_until" type="DATETIME">
                <constraints nullable="false"/>
            </column>
        </createTable>
        <rollback>
            <dropTable tableName="restaurant_items"/>
        </rollback>
    </changeSet>

    <changeSet id="2020-01-04 10:51" author="Anton Alekseev">
        <addForeignKeyConstraint baseTableName="orders_items" baseColumnNames="item_id"
                                 constraintName="fk_order_restaurant_item" referencedTableName="restaurant_items"
                                 referencedColumnNames="id"/>
        <rollback>
            <dropForeignKeyConstraint baseTableName="orders" constraintName="fk_order_restaurant_item"/>
        </rollback>
    </changeSet>

    <changeSet id="2020-01-04 11:16" author="Anton Alekseev">
        <addForeignKeyConstraint baseTableName="restaurant_items" baseColumnNames="restaurant_id"
                                 constraintName="fk_restaurants_items" referencedTableName="restaurants"
                                 referencedColumnNames="id"/>
        <rollback>
            <dropForeignKeyConstraint baseTableName="restaurant_items" constraintName="fk_restaurants_items"/>
        </rollback>
    </changeSet>

    <changeSet id="2020-01-08 14:30" author="Anton Alekseev">
        <addForeignKeyConstraint baseTableName="emails" baseColumnNames="id"
                                 constraintName="fk_users_email" referencedTableName="user_creds"
                                 referencedColumnNames="id"/>
        <rollback>
            <dropForeignKeyConstraint baseTableName="emails" constraintName="fk_users_email"/>
        </rollback>
    </changeSet>

    <changeSet id="2020-01-08 14:31" author="Anton Alekseev">
        <preConditions>
            <foreignKeyConstraintExists foreignKeyTableName="phones" foreignKeyName="fk_users_phones"/>
        </preConditions>
        <dropForeignKeyConstraint baseTableName="phones" constraintName="fk_users_phones"/>
    </changeSet>

    <changeSet id="2020-01-08 14:35" author="Anton Alekseev">
        <addForeignKeyConstraint baseTableName="phones" baseColumnNames="id"
                                 constraintName="fk_users_phones" referencedTableName="users"
                                 referencedColumnNames="id"/>
        <rollback>
            <dropForeignKeyConstraint baseTableName="phones" constraintName="fk_users_phones"/>
        </rollback>
    </changeSet>

    <changeSet id="2020-05-04 14:41" author="Anton Alekseev">
        <preConditions>
            <not>
                <tableExists tableName="cities"/>
            </not>
        </preConditions>
        <createTable tableName="cities">
            <column name="id" type="BIGINT" autoIncrement="true">
                <constraints nullable="false" primaryKey="true" primaryKeyName="PK_CITIES"/>
            </column>
            <column name="country_id" type="BIGINT">
                <constraints nullable="false"/>
            </column>
            <column name="name" type="VARCHAR(45)">
                <constraints nullable="false"/>
            </column>
        </createTable>
        <rollback>
            <dropTable tableName="cities"/>
        </rollback>
    </changeSet>

    <changeSet id="2020-05-04 14:43" author="Anton Alekseev">
        <addForeignKeyConstraint baseTableName="cities" baseColumnNames="country_id"
                                 constraintName="fk_cities_country" referencedTableName="countries"
                                 referencedColumnNames="id"/>
        <rollback>
            <dropForeignKeyConstraint baseTableName="cities" constraintName="fk_cities_country"/>
        </rollback>
    </changeSet>

    <changeSet id="2020-05-04 14:48" author="Anton Alekseev">
        <preConditions>
            <not>
                <tableExists tableName="dimensions"/>
            </not>
        </preConditions>
        <createTable tableName="dimensions">
            <column name="id" type="BIGINT" autoIncrement="true">
                <constraints nullable="false" primaryKey="true" primaryKeyName="PK_DIMENSIONS"/>
            </column>
            <column name="name" type="VARCHAR(45)">
                <constraints nullable="false"/>
            </column>
            <column name="text" type="VARCHAR(45)">
                <constraints nullable="false"/>
            </column>
        </createTable>
        <rollback>
            <dropTable tableName="dimensions"/>
        </rollback>
    </changeSet>

    <changeSet id="2020-05-04 14:59" author="Anton Alekseev">
        <addForeignKeyConstraint baseTableName="restaurant_items" baseColumnNames="dimension_id"
                                 constraintName="fk_restaurant_items_dimension" referencedTableName="dimensions"
                                 referencedColumnNames="id"/>
        <rollback>
            <dropForeignKeyConstraint baseTableName="dimensions" constraintName="fk_restaurant_items_dimension"/>
        </rollback>
    </changeSet>

    <changeSet id="2020-05-04 15:05" author="Anton Alekseev">
        <preConditions>
            <not>
                <tableExists tableName="items"/>
            </not>
        </preConditions>
        <createTable tableName="items">
            <column name="id" type="BIGINT" autoIncrement="true">
                <constraints nullable="false" primaryKey="true" primaryKeyName="PK_ITEMS"/>
            </column>
            <column name="name" type="VARCHAR(45)">
                <constraints nullable="false"/>
            </column>
            <column name="description" type="VARCHAR(255)">
                <constraints nullable="false"/>
            </column>
            <column name="category_id" type="BIGINT">
                <constraints nullable="false"/>
            </column>
        </createTable>
        <rollback>
            <dropTable tableName="items"/>
        </rollback>
    </changeSet>

    <changeSet id="2020-05-04 15:07" author="Anton Alekseev">
        <addForeignKeyConstraint baseTableName="restaurant_items" baseColumnNames="item_id"
                                 constraintName="fk_restaurant_items_item" referencedTableName="items"
                                 referencedColumnNames="id"/>
        <rollback>
            <dropForeignKeyConstraint baseTableName="restaurant_items" constraintName="fk_restaurant_items_item"/>
        </rollback>
    </changeSet>

    <changeSet id="2020-05-04 15:10" author="Anton Alekseev">
        <preConditions>
            <not>
                <tableExists tableName="item_categories"/>
            </not>
        </preConditions>
        <createTable tableName="item_categories">
            <column name="id" type="BIGINT" autoIncrement="true">
                <constraints nullable="false" primaryKey="true" primaryKeyName="PK_ITEM_CATEGORIES"/>
            </column>
            <column name="type" type="BIGINT"/>
            <column name="name" type="VARCHAR(45)">
                <constraints nullable="false"/>
            </column>
            <column name="description" type="VARCHAR(255)">
                <constraints nullable="false"/>
            </column>
        </createTable>
        <rollback>
            <dropTable tableName="item_categories"/>
        </rollback>
    </changeSet>

    <changeSet id="2020-05-04 15:20" author="Anton Alekseev">
        <addForeignKeyConstraint baseTableName="items" baseColumnNames="category_id"
                                 constraintName="fk_items_category" referencedTableName="item_categories"
                                 referencedColumnNames="id"/>
        <rollback>
            <dropForeignKeyConstraint baseTableName="items" constraintName="fk_items_category"/>
        </rollback>
    </changeSet>

    <changeSet id="2020-05-04 15:30" author="Anton Alekseev">
        <preConditions>
            <not>
                <tableExists tableName="item_types"/>
            </not>
        </preConditions>
        <createTable tableName="item_types">
            <column name="id" type="BIGINT" autoIncrement="true">
                <constraints nullable="false" primaryKey="true" primaryKeyName="PK_ITEM_TYPES"/>
            </column>
            <column name="name" type="VARCHAR(45)">
                <constraints nullable="false"/>
            </column>
            <column name="description" type="VARCHAR(255)">
                <constraints nullable="false"/>
            </column>
            <column name="restaurant_id" type="BIGINT"/>
        </createTable>
        <rollback>
            <dropTable tableName="item_types"/>
        </rollback>
    </changeSet>

    <changeSet id="2020-05-04 15:35" author="Anton Alekseev">
        <addForeignKeyConstraint baseTableName="item_categories" baseColumnNames="type"
                                 constraintName="fk_item_types" referencedTableName="item_types"
                                 referencedColumnNames="id"/>
        <rollback>
            <dropForeignKeyConstraint baseTableName="items" constraintName="fk_item_types"/>
        </rollback>
    </changeSet>

    <changeSet id="2020-05-04 15:40" author="Anton Alekseev">
        <addForeignKeyConstraint baseTableName="item_types" baseColumnNames="restaurant_id"
                                 constraintName="fk_restaurant_types" referencedTableName="restaurants"
                                 referencedColumnNames="id"/>
        <rollback>
            <dropForeignKeyConstraint baseTableName="item_types" constraintName="fk_restaurant_types"/>
        </rollback>
    </changeSet>

    <changeSet id="2020-05-04 16:30" author="Anton Alekseev">
        <preConditions>
            <not>
                <tableExists tableName="addresses"/>
            </not>
        </preConditions>
        <createTable tableName="addresses">
            <column name="id" type="BIGINT" autoIncrement="true">
                <constraints nullable="false" primaryKey="true" primaryKeyName="PK_ADDRESS"/>
            </column>
            <column name="city_id" type="BIGINT">
                <constraints nullable="false"/>
            </column>
            <column name="address" type="VARCHAR(255)">
                <constraints nullable="false"/>
            </column>
        </createTable>
        <rollback>
            <dropTable tableName="addresses"/>
        </rollback>
    </changeSet>

    <changeSet id="2020-05-04 16:40" author="Anton Alekseev">
        <addForeignKeyConstraint baseTableName="restaurants" baseColumnNames="address_id"
                                 constraintName="fk_restaurant_address" referencedTableName="addresses"
                                 referencedColumnNames="id"/>
        <rollback>
            <dropForeignKeyConstraint baseTableName="restaurants" constraintName="fk_restaurant_address"/>
        </rollback>
    </changeSet>

    <changeSet id="2020-05-04 16:45" author="Anton Alekseev">
        <addForeignKeyConstraint baseTableName="addresses" baseColumnNames="city_id"
                                 constraintName="fk_address_city" referencedTableName="cities"
                                 referencedColumnNames="id"/>
        <rollback>
            <dropForeignKeyConstraint baseTableName="addresses" constraintName="fk_address_city"/>
        </rollback>
    </changeSet>

    <changeSet id="2020-05-04 16:50" author="Anton Alekseev">
        <preConditions>
            <not>
                <tableExists tableName="restaurant_hours"/>
            </not>
        </preConditions>
        <createTable tableName="restaurant_hours">
            <column name="id" type="BIGINT" autoIncrement="true">
                <constraints nullable="false" primaryKey="true" primaryKeyName="PK_RESTAURANT_HOURS"/>
            </column>
            <column name="regular_opens" type="time">
                <constraints nullable="false"/>
            </column>
            <column name="regular_closes" type="time">
                <constraints nullable="false"/>
            </column>
        </createTable>
        <rollback>
            <dropTable tableName="restaurant_hours"/>
        </rollback>
    </changeSet>

    <changeSet id="2020-05-04 16:55" author="Anton Alekseev">
        <addForeignKeyConstraint baseTableName="restaurants" baseColumnNames="restaurant_hours"
                                 constraintName="fk_restaurant_hours" referencedTableName="restaurant_hours"
                                 referencedColumnNames="id"/>
        <rollback>
            <dropForeignKeyConstraint baseTableName="addresses" constraintName="fk_restaurant_hours"/>
        </rollback>
    </changeSet>

    <changeSet id="2020-05-04 22:50" author="Anton Alekseev">
        <preConditions>
            <not>
                <tableExists tableName="confirmation_codes"/>
            </not>
        </preConditions>
        <createTable tableName="confirmation_codes">
            <column name="id" type="BIGINT" autoIncrement="true">
                <constraints nullable="false" primaryKey="true" primaryKeyName="PK_CONFIRMATION_CODES"/>
            </column>
            <column name="owner_id" type="BIGINT">
                <constraints nullable="false"/>
            </column>
            <column name="code" type="VARCHAR(120)">
                <constraints nullable="false"/>
            </column>
            <column name="code_purpose" type="VARCHAR(255)"/>
            <column name="sent_to" type="VARCHAR(45)">
                <constraints nullable="false"/>
            </column>
        </createTable>
        <rollback>
            <dropTable tableName="confirmation_codes"/>
        </rollback>
    </changeSet>

    <changeSet id="2020-05-04 22:55" author="Anton Alekseev">
        <addForeignKeyConstraint baseTableName="confirmation_codes" baseColumnNames="owner_id"
                                 constraintName="fk_confirmation_code_user" referencedTableName="users"
                                 referencedColumnNames="id"/>
        <rollback>
            <dropForeignKeyConstraint baseTableName="confirmation_codes" constraintName="fk_confirmation_code_user"/>
        </rollback>
    </changeSet>

    <changeSet id="2020-05-04 23:20" author="Anton Alekseev">
        <preConditions>
            <not>
                <tableExists tableName="user_favourites"/>
            </not>
        </preConditions>
        <createTable tableName="user_favourites">
            <column name="user_id" type="BIGINT">
                <constraints nullable="false" primaryKey="true" primaryKeyName="PK_USER_FAVOURITES"/>
            </column>
            <column name="restaurant_item_id" type="BIGINT">
                <constraints nullable="false" primaryKey="true"/>
            </column>
        </createTable>
        <rollback>
            <dropTable tableName="user_favourites"/>
        </rollback>
    </changeSet>

    <changeSet id="2020-05-04 23:30" author="Anton Alekseev">
        <addForeignKeyConstraint baseTableName="user_favourites" baseColumnNames="user_id"
                                 constraintName="fk_user_favourites" referencedTableName="users"
                                 referencedColumnNames="id"/>
        <rollback>
            <dropForeignKeyConstraint baseTableName="user_favourites" constraintName="fk_user_favourites"/>
        </rollback>
    </changeSet>

    <changeSet id="2020-05-04 23:35" author="Anton Alekseev">
        <addForeignKeyConstraint baseTableName="user_favourites" baseColumnNames="restaurant_item_id"
                                 constraintName="fk_user_favourite_item" referencedTableName="restaurant_items"
                                 referencedColumnNames="id"/>
        <rollback>
            <dropForeignKeyConstraint baseTableName="user_favourites" constraintName="fk_user_favourite_item"/>
        </rollback>
    </changeSet>
</databaseChangeLog>